seed,size,improvement
0,6000,188.47979237252738
0,12000,215.7365980026422
0,25000,207.2551329625199
0,50000,213.38069493154723
0,100000,209.9698822274695
0,200000,205.6800547762047
0,400000,210.14171323829004
1,6000,203.07056002876092
1,12000,205.93191203361965
1,25000,207.75301403731743
1,50000,203.43896380749095
1,100000,190.51244629354315
1,200000,191.96950336153674
1,400000,206.5709711141229
2,6000,213.85346608013077
2,12000,202.09576536894392
2,25000,184.92897678014754
2,50000,198.48505892559368
2,100000,199.5325443416594
2,200000,198.41954997429437
2,400000,205.8782287322752
3,6000,202.84469852539812
3,12000,221.87876413246804
3,25000,177.01800251309515
3,50000,205.79399670978194
3,100000,205.02329672141792
3,200000,205.66736941116105
3,400000,217.807847210699
4,6000,-27.330442780778952
4,12000,-62.68292721674087
4,25000,204.92524566913352
4,50000,194.58957007581967
4,100000,197.92766227026038
4,200000,204.39204004496276
4,400000,206.56365340844357
5,6000,-9.294218588996294
5,12000,208.21971187358542
5,25000,199.43047226180573
5,50000,218.26128757167086
5,100000,203.52164562548757
5,200000,204.9722139700122
5,400000,214.0284751380711
6,6000,44.096651645808606
6,12000,48.66932346383965
6,25000,191.53885721075105
6,50000,206.0420301883491
6,100000,217.54290415261676
6,200000,221.05734728048822
6,400000,213.05517667546496
7,6000,86.0689260102001
7,12000,207.89983363868768
7,25000,195.59921758228387
7,50000,199.14097533003394
7,100000,194.7216604909317
7,200000,201.04599243724584
7,400000,207.8522422535155
8,6000,71.5926651477437
8,12000,142.8685025991728
8,25000,200.49470904037352
8,50000,196.67424296492695
8,100000,202.23704812989573
8,200000,199.54998925472626
8,400000,202.07230527226199
9,6000,28.47552771595645
9,12000,201.49283463583214
9,25000,182.74004292463295
9,50000,203.22224786365862
9,100000,211.97157659472703
9,200000,210.48914592007142
9,400000,210.87608121655666
10,6000,-27.76309285892047
10,12000,132.81943330648667
10,25000,217.80724866856067
10,50000,210.26679260574426
10,100000,207.90292633104755
10,200000,211.3807905468021
10,400000,207.88761678748472
11,6000,108.47070545794347
11,12000,34.52678164144978
11,25000,177.2461307594274
11,50000,172.6922660462747
11,100000,200.58592906312094
11,200000,187.4827059528121
11,400000,210.14352262623729
12,6000,156.3366841670899
12,12000,191.7078231771273
12,25000,221.3002635862627
12,50000,202.28343993778805
12,100000,185.0507105189883
12,200000,202.84837401227392
12,400000,207.43981260462115
13,6000,32.60833133399923
13,12000,196.0685774033527
13,25000,210.86285682289906
13,50000,196.67622434512873
13,100000,201.31404178559205
13,200000,204.2883324865651
13,400000,213.0362676453332
14,6000,97.05824191080741
14,12000,200.68720915701567
14,25000,184.03621047875896
14,50000,188.83849693649188
14,100000,197.1569845955349
14,200000,196.54131193493325
14,400000,201.49161150345293
15,6000,202.28792424049308
15,12000,216.31491126783763
15,25000,207.04615110555315
15,50000,216.70599400920793
15,100000,190.75614356555212
15,200000,200.08006075864895
15,400000,203.14307707078277
16,6000,205.80118090385557
16,12000,161.69987196557324
16,25000,163.71086184848326
16,50000,199.3202223604485
16,100000,198.34156811640034
16,200000,211.620097395364
16,400000,212.52460660444913
17,6000,114.80625458056272
17,12000,201.1249463457011
17,25000,203.3857947257224
17,50000,200.13248365726136
17,100000,196.41226583057585
17,200000,206.1334221699341
17,400000,205.94388140453418
18,6000,202.23216263350145
18,12000,199.53305151902833
18,25000,197.8396121874337
18,50000,190.3592641916614
18,100000,204.02679942194246
18,200000,198.77020592344033
18,400000,204.99542078426285
19,6000,187.72813414985993
19,12000,203.56181746765412
19,25000,203.5881704438116
19,50000,215.22016370083975
19,100000,215.1917079046154
19,200000,212.45791765703018
19,400000,211.676072251525
20,6000,184.0144165137716
20,12000,173.78582026958748
20,25000,196.8202220187518
20,50000,198.08912004201375
20,100000,193.86608172039354
20,200000,200.8174236662482
20,400000,210.06916697277194
21,6000,196.9862837017166
21,12000,211.11559453396373
21,25000,214.2426816763142
21,50000,177.91105765176036
21,100000,210.12379475085194
21,200000,218.95857825523413
21,400000,207.70425288734975
22,6000,-13.280393234173316
22,12000,206.02989605637055
22,25000,215.88759803684297
22,50000,213.28551565343216
22,100000,210.22434772139928
22,200000,206.24271887531714
22,400000,200.7162586800379
23,6000,93.94521567938115
23,12000,208.24480927692343
23,25000,199.18662839504523
23,50000,170.64753394331564
23,100000,190.73398166553233
23,200000,180.36001991009744
23,400000,202.52777544108375
24,6000,207.68180901218457
24,12000,196.22133946975998
24,25000,192.02857260049134
24,50000,210.58191628862306
24,100000,217.50377814951855
24,200000,205.64132701128926
24,400000,199.79843155648518
25,6000,199.99595187225685
25,12000,198.33686221626516
25,25000,202.10391616056214
25,50000,189.59111835410636
25,100000,202.3853343239844
25,200000,197.99724033439557
25,400000,201.56040343680525
26,6000,191.74500887534526
26,12000,195.00625525525308
26,25000,196.20741593632854
26,50000,194.28280545552187
26,100000,203.43801478835758
26,200000,210.75234350127462
26,400000,210.1497344144149
27,6000,221.000924626643
27,12000,201.58433883917036
27,25000,195.4838798491999
27,50000,206.24554165176266
27,100000,204.91835232898322
27,200000,201.62941484070785
27,400000,204.47315727570677
28,6000,207.34562907272252
28,12000,177.3259346910873
28,25000,203.12020312550928
28,50000,195.84120536063608
28,100000,207.38885552962728
28,200000,201.24024823127243
28,400000,206.81268611159734
29,6000,207.2195265513023
29,12000,178.66612786502318
29,25000,194.81173405889888
29,50000,202.40546227915365
29,100000,202.71567311329602
29,200000,196.3938317150883
29,400000,205.135968349419
30,6000,215.56650963623204
30,12000,209.14089635026923
30,25000,214.07705355957063
30,50000,206.2929406615127
30,100000,208.52872237335188
30,200000,211.38319821473263
30,400000,214.05814570764167
31,6000,206.93184270227877
31,12000,211.48713885898385
31,25000,197.44165762379393
31,50000,205.25152231961096
31,100000,204.58660879948542
31,200000,213.26826942223187
31,400000,204.62527805090906
32,6000,28.937166402897784
32,12000,186.2310142641756
32,25000,181.72705062258504
32,50000,197.93305179888483
32,100000,195.3751407937086
32,200000,213.98025180496293
32,400000,210.44164409092568
33,6000,203.8605372640571
33,12000,205.39178175589535
33,25000,193.0289183808503
33,50000,200.0656618753665
33,100000,209.02364159710757
33,200000,196.5902643753032
33,400000,203.56692902899326
34,6000,192.64745621810658
34,12000,206.97188819650205
34,25000,187.23311262940484
34,50000,195.47964891451906
34,100000,201.82666584082844
34,200000,204.2824721151209
34,400000,212.2649657917009
35,6000,102.86780050252969
35,12000,201.08772184482402
35,25000,210.61195535928388
35,50000,198.43631847004443
35,100000,189.22304697378996
35,200000,196.35797527292561
35,400000,208.74260323004629
36,6000,205.4401309903009
36,12000,194.41810405383612
36,25000,189.358855155279
36,50000,197.39457572824932
36,100000,206.51456616542876
36,200000,207.57533046628586
36,400000,212.01956582624817
37,6000,197.5316407097588
37,12000,82.0286962348165
37,25000,147.8846026548815
37,50000,156.9906231096848
37,100000,168.48025722048274
37,200000,206.6143347045457
37,400000,218.02185821525143
38,6000,195.23302851173446
38,12000,218.62327756228964
38,25000,200.1781855964719
38,50000,195.82528509534995
38,100000,207.06475729071582
38,200000,206.37974746103262
38,400000,209.58799294568942
39,6000,206.5916330504266
39,12000,189.82039046588542
39,25000,193.748067949362
39,50000,190.87484256079335
39,100000,210.1040096010933
39,200000,210.073210628227
39,400000,213.74730333344533
40,6000,206.6474478542487
40,12000,211.78417927587893
40,25000,187.19083462441031
40,50000,204.60628906522368
40,100000,184.6107603457789
40,200000,204.52121029317016
40,400000,202.29550961987633
41,6000,200.32633540283476
41,12000,190.3065037172182
41,25000,192.80945822563055
41,50000,196.27042175068078
41,100000,205.24051140346137
41,200000,201.47097687720662
41,400000,207.07868652914496
42,6000,207.09485671784483
42,12000,205.77692834701278
42,25000,197.278033623286
42,50000,199.26728066691663
42,100000,195.92353640911497
42,200000,198.82440558675606
42,400000,200.03111645527062
43,6000,198.91533288016893
43,12000,195.26988775422046
43,25000,196.1453705904412
43,50000,211.95394592487838
43,100000,216.76408589679968
43,200000,216.74301162788083
43,400000,209.09428777583577
44,6000,204.2486010746345
44,12000,195.66254204261065
44,25000,217.62086870577787
44,50000,215.32388999887183
44,100000,208.89487966420606
44,200000,207.92965420348656
44,400000,215.61115096046203
45,6000,204.21811557567057
45,12000,194.41639613854153
45,25000,190.06029472191227
45,50000,197.68688694568883
45,100000,198.41133363653304
45,200000,191.15633838745353
45,400000,200.11275283531666
46,6000,15.762478041106952
46,12000,141.6153808072264
46,25000,172.79701932220158
46,50000,194.50022883687308
46,100000,207.81133223520135
46,200000,204.1795914727698
46,400000,209.72283616166428
47,6000,181.9085153125008
47,12000,197.56041944035297
47,25000,217.93628509554742
47,50000,217.1406252679993
47,100000,208.30331773087258
47,200000,206.0543279111132
47,400000,215.95261790674724
48,6000,-87.54360931121862
48,12000,172.5202444647588
48,25000,144.91520578881358
48,50000,185.41305960504917
48,100000,188.99326235246156
48,200000,195.09322569457973
48,400000,205.7808479243136
49,6000,196.42997308653892
49,12000,186.2646230829522
49,25000,198.582421226513
49,50000,203.32657961083146
49,100000,204.86331532606007
49,200000,207.16577285902017
49,400000,206.0953779818518
50,6000,168.52334063012592
50,12000,203.47473865445878
50,25000,206.48372432853083
50,50000,184.09652736883348
50,100000,192.14329388572858
50,200000,192.16806835410165
50,400000,209.19921921782105
51,6000,205.76192403935417
51,12000,191.53118091825857
51,25000,200.23541456828542
51,50000,197.30367292029197
51,100000,201.90932874918005
51,200000,199.84322558031127
51,400000,202.30388913452256
52,6000,203.19391669125974
52,12000,216.22986200827992
52,25000,198.94762182571827
52,50000,194.76119521602388
52,100000,188.86464697449264
52,200000,170.75027716783876
52,400000,199.04395617558444
53,6000,196.92659709172395
53,12000,205.06692634008138
53,25000,215.9048102080577
53,50000,171.07006176829088
53,100000,176.3563775705913
53,200000,202.42188647989076
53,400000,205.9220402956727
54,6000,218.216965939075
54,12000,166.73094344152463
54,25000,177.58999990973155
54,50000,184.54665425715842
54,100000,213.07089713259165
54,200000,208.19875302946224
54,400000,205.43423210561622
55,6000,86.9110252882299
55,12000,173.6004589698205
55,25000,197.356158899809
55,50000,194.4761827470848
55,100000,192.94448486681864
55,200000,198.88073488093588
55,400000,200.48849699196873
56,6000,205.61552985061496
56,12000,195.6494302372671
56,25000,201.81203252754406
56,50000,203.31664710099037
56,100000,202.4573369624914
56,200000,202.46877088474778
56,400000,206.57751110839774
57,6000,204.3045793126456
57,12000,194.24336451146843
57,25000,199.8528014008116
57,50000,198.66416270024612
57,100000,205.32384393513848
57,200000,205.42306862251257
57,400000,212.63524060194428
58,6000,207.6315106101723
58,12000,181.82568795297246
58,25000,200.21666123958127
58,50000,189.4903358508405
58,100000,175.9381605800997
58,200000,188.5822275647488
58,400000,198.85021922381085
59,6000,201.57693143983636
59,12000,193.19474172939772
59,25000,196.5447669757813
59,50000,222.03789652976553
59,100000,204.04780354814753
59,200000,213.46520753687898
59,400000,205.26170425361815
60,6000,205.47959539044527
60,12000,205.881089897994
60,25000,201.1542231378368
60,50000,200.0520350447033
60,100000,200.82199947685416
60,200000,204.3888372291828
60,400000,204.7150229569995
61,6000,210.59018213034255
61,12000,198.17467711512208
61,25000,193.881555522534
61,50000,207.93318342711422
61,100000,203.31726700822855
61,200000,205.42668981172386
61,400000,209.1060665515319
62,6000,207.6718304721644
62,12000,192.87663637824895
62,25000,185.00248624120195
62,50000,196.91496373925906
62,100000,197.1266338353264
62,200000,203.4338285414325
62,400000,198.10933393302426
63,6000,201.53109434280313
63,12000,205.1673780397501
63,25000,215.28240424433105
63,50000,188.42042321575798
63,100000,205.4095907117614
63,200000,215.62203018532279
63,400000,207.5103718343274
64,6000,204.40326003094808
64,12000,185.85361645044537
64,25000,189.1066079536127
64,50000,191.1656885681762
64,100000,203.64942338610547
64,200000,196.20133255029057
64,400000,202.3081132444833
65,6000,79.1503140093516
65,12000,192.0040405363756
65,25000,209.82693554246632
65,50000,200.1546933263043
65,100000,197.7789200691583
65,200000,202.13290813975266
65,400000,204.19400717929085
66,6000,100.68529035104592
66,12000,204.10487021497966
66,25000,196.88763907448404
66,50000,218.2521446414703
66,100000,214.75758957313013
66,200000,221.10414984895468
66,400000,209.46323377415249
67,6000,199.56652785155225
67,12000,192.67695063079353
67,25000,188.27126367567953
67,50000,201.33526564261842
67,100000,204.91864604187646
67,200000,205.25901762574566
67,400000,205.68509497904728
68,6000,190.3572239877148
68,12000,164.16443457035328
68,25000,196.66244336779388
68,50000,204.588255681847
68,100000,212.30370743829803
68,200000,218.22250757457908
68,400000,209.65265566250218
69,6000,205.51142801375613
69,12000,201.63661859251567
69,25000,203.7667456904632
69,50000,202.13066103514228
69,100000,200.4408357662768
69,200000,206.74307909688022
69,400000,197.73412893693276
70,6000,205.9745381885028
70,12000,199.72455352808663
70,25000,199.53355204082794
70,50000,203.96053905122608
70,100000,206.29689388104504
70,200000,212.8069633962908
70,400000,209.53406521580465
71,6000,181.6865201963279
71,12000,216.17864296950313
71,25000,201.7704731371364
71,50000,205.9317191055706
71,100000,210.7087344273409
71,200000,208.74136474048558
71,400000,208.38970830533538
72,6000,206.0382323229176
72,12000,197.70614858759353
72,25000,192.5034370733027
72,50000,214.73779605043876
72,100000,202.61263852640235
72,200000,203.1002682537309
72,400000,194.19473119990062
73,6000,201.57033679336186
73,12000,215.6181053948468
73,25000,198.71210596551882
73,50000,203.8931460398795
73,100000,198.97916618410187
73,200000,198.01698593355633
73,400000,202.8651008191755
74,6000,214.29429175190594
74,12000,214.89162794657335
74,25000,181.34671346597986
74,50000,197.25665199628816
74,100000,202.02107196355433
74,200000,203.9238109419185
74,400000,200.60228228057895
75,6000,202.4751335041435
75,12000,191.08182655506826
75,25000,199.76455414977931
75,50000,196.0067230406706
75,100000,203.9135593513161
75,200000,208.8900647940533
75,400000,212.45445158699613
76,6000,206.61125591693533
76,12000,200.90433015534336
76,25000,163.55215705044847
76,50000,199.51377705652612
76,100000,216.0466969414399
76,200000,209.54043399868857
76,400000,202.02003301602934
77,6000,205.16189545644897
77,12000,194.3567460691415
77,25000,204.5432844394203
77,50000,200.4354142898225
77,100000,203.741394747406
77,200000,197.39608002175854
77,400000,208.41310981791125
78,6000,178.16595576195223
78,12000,194.36943705892156
78,25000,197.39148868759787
78,50000,197.61721219947236
78,100000,198.85871366260676
78,200000,210.62359170071926
78,400000,207.06410277891112
79,6000,201.1660941584334
79,12000,202.8619458786181
79,25000,207.9739207370401
79,50000,197.019504392496
79,100000,206.34458443761358
79,200000,201.95422608989463
79,400000,202.48445558544375
80,6000,210.45719781138862
80,12000,171.40679600212616
80,25000,166.84748203726113
80,50000,194.1998816213507
80,100000,207.44714380588553
80,200000,200.67394740808183
80,400000,204.38783226743547
81,6000,198.69644856318538
81,12000,199.16870292010805
81,25000,191.3311941212553
81,50000,207.0799679870218
81,100000,201.71543655545855
81,200000,203.12382599406976
81,400000,213.04501762486794
82,6000,201.6848159021066
82,12000,200.70318697889098
82,25000,197.13948943565515
82,50000,191.97844991845034
82,100000,201.13912743828547
82,200000,201.04092213002312
82,400000,203.78340249301772
83,6000,121.53807953642345
83,12000,36.72689058701193
83,25000,200.2200532295185
83,50000,210.87103377162651
83,100000,208.77493218719957
83,200000,205.87742296816364
83,400000,200.23638811346723
84,6000,203.45486377021948
84,12000,193.13506219596746
84,25000,197.68128209125618
84,50000,199.06059930630403
84,100000,193.3477208122593
84,200000,203.3993511553197
84,400000,204.2760759053118
85,6000,204.98450323652625
85,12000,225.7441902303114
85,25000,217.7215966672135
85,50000,194.70558548268025
85,100000,200.35594297311786
85,200000,204.81731748935826
85,400000,200.833536141797
86,6000,207.4115886913746
86,12000,208.43445776030288
86,25000,194.4314032504271
86,50000,204.60289087749052
86,100000,202.09969914803904
86,200000,206.5128773334468
86,400000,208.38005821804694
87,6000,199.75077563721743
87,12000,209.07340818375522
87,25000,174.9968095271322
87,50000,185.39460233735133
87,100000,187.64529675317308
87,200000,192.5000919417919
87,400000,200.8626021559878
88,6000,44.93256401682388
88,12000,167.47255938464244
88,25000,165.45596816945132
88,50000,164.00629372628282
88,100000,165.71150611811686
88,200000,207.75049229028312
88,400000,203.87243610993
89,6000,128.64769169677405
89,12000,195.03424008527327
89,25000,196.52762409052733
89,50000,216.03519472055845
89,100000,209.83205697694535
89,200000,204.33529920374326
89,400000,204.72504201042474
90,6000,89.17294387896047
90,12000,168.3254887492863
90,25000,181.15643089568653
90,50000,192.6691941564706
90,100000,197.73438820342247
90,200000,201.18165703135614
90,400000,200.29651906284735
91,6000,184.89357441923374
91,12000,217.38270844356623
91,25000,188.0024188893349
91,50000,190.73498990886537
91,100000,201.54573436110027
91,200000,200.07632485784313
91,400000,212.68054293614114
92,6000,205.58226187437785
92,12000,196.7869282131279
92,25000,200.37414755562736
92,50000,214.21733027995495
92,100000,210.8989019530484
92,200000,206.49485689016083
92,400000,199.39142786608795
93,6000,195.34340628101367
93,12000,197.92764737175082
93,25000,183.90419684313284
93,50000,213.31002922493246
93,100000,212.44093422786366
93,200000,207.92661798527456
93,400000,206.45798537002787
94,6000,193.66281574389893
94,12000,210.64057857858214
94,25000,219.62936583951932
94,50000,192.30506519934215
94,100000,192.85430059347954
94,200000,206.65996863883927
94,400000,208.26398417006538
95,6000,170.22775417802328
95,12000,180.51951958658407
95,25000,186.5539677774135
95,50000,187.2404484468226
95,100000,202.53531634373888
95,200000,205.33019776777655
95,400000,202.38322611832075
96,6000,186.81582292847477
96,12000,203.91951564629608
96,25000,203.5589982043332
96,50000,192.23784457352676
96,100000,214.04242628831724
96,200000,208.6883085477025
96,400000,198.97813092483645
97,6000,201.67636609633593
97,12000,199.95353304964283
97,25000,186.0431678449584
97,50000,192.81512262700414
97,100000,204.18049887823994
97,200000,200.2665623862446
97,400000,198.3730616995082
98,6000,195.46879902927512
98,12000,193.0625610065025
98,25000,204.8656615272874
98,50000,196.01817928639213
98,100000,207.99135612152503
98,200000,203.16560706347295
98,400000,205.38621070417494
99,6000,202.37442287630546
99,12000,183.89327842391396
99,25000,194.98871426147457
99,50000,199.37177412238577
99,100000,209.40596865041846
99,200000,211.07374655193615
99,400000,197.05942938522182
